address,total_txs,total_value_eth,avg_tx_value,unique_senders,unique_receivers,is_contract,first_tx_age_days,last_tx_age_days,tx_frequency,incoming_tx_count,outgoing_tx_count,avg_gas_price,failed_tx_ratio,label
0xBE0eB53F46cd790Cd13851d5EFf43D12404d33E8,1000,0.07298446174083671,7.29844617408367e-05,185,77,0,1146.2020601851852,27.172199074074076,0.872446521199269,905,95,20144019914.868,0.002,1
0x1da5821544e25c636c1417ba96ade4cf6d2f9b5a,73,52.70570304666481,0.7219959321460933,27,0,1,2787.0897453703706,50.317384259259256,0.02619219568413976,73,0,28212556940.328766,0.0547945205479452,1
0xd882cfc20f52f2599d84b8e8d58c7fb62cfe344b,1000,0.0,0.0,1,0,0,1893.2684375,1890.192164351852,0.5281871182094325,1000,0,79260031722.808,0.0,1
0x0681d8Db095565FE8A346fA0277bFfdE9C0eDBBF,1000,28412.69844175314,28.41269844175314,83,136,0,1953.2645717592593,13.514699074074073,0.5119634147151523,115,885,28788295835.92,0.544,1
0x56f0B8a0d04f783e20aCE7D9C90bBB1C7d1b1a1E,0,0.0,0.0,0,0,0,0.0,0.0,0.0,0,0,0.0,0.0,1
0xC61b9BB3A7a0767E3179713f3A5c7a9aeDCE193C,222,3408086.010713648,15351.738786998414,29,0,1,2128.929641203704,113.81783564814815,0.1042777533382834,222,0,57118999792.38739,0.6126126126126126,1
0xa7e5d5a720f06526557c513402f2e6b5fa20b008,1000,0.06511930626015437,6.511930626015437e-05,2,2,0,1938.533460648148,1113.3401041666666,0.5158538762934999,998,2,64153745655.505,0.0,1
0x0f4ee9631f4be0a63756515141281a3e2b293bbe,1000,2604.2187402389504,2.6042187402389505,5,109,0,1563.6557291666666,647.2997453703704,0.6395269632228695,10,990,64988487542.715,0.007,1
0x178169A9c2C227E4C1F994109DE4e37e0F1eb74B,0,0.0,0.0,0,0,0,0.0,0.0,0.0,0,0,0.0,0.0,1
0x742d35cc6634c0532925a3b844bc454e4438f44e,999,1769383.0083167104,1771.1541624791896,76,18,0,222.06885416666665,0.19177083333333333,4.498604740177713,924,75,946054548.8388388,0.0,1
0xdAC17F958D2ee523a2206206994597C13D831ec7,1000,0.0,0.0,651,0,1,0.002789351851851852,0.00015046296296296297,358506.22406639,1000,0,3788196118.292,0.003,0
0xA0b86991c6218b36c1d19D4a2e9Eb0cE3606eB48,1000,0.0,0.0,700,0,1,0.0042361111111111115,0.00020833333333333335,236065.57377049178,1000,0,3725619759.772,0.002,0
0xC02aaA39b223FE8D0A0e5C4F27eAD9083C756Cc2,1000,1631.4177263786828,1.6314177263786829,590,0,1,0.07207175925925927,0.0002662037037037037,13875.060221615544,1000,0,7343110575.575,0.008,0
0x1f9840a85d5aF5bf1D1762F925BDADdC4201F984,1000,0.0,0.0,423,0,1,0.26003472222222224,0.00017361111111111112,3845.6402723995193,1000,0,4312376775.552,0.004,0
0x7a250d5630B4cF539739dF2C5dAcb4c659F2488D,999,36.815620653745746,0.03685247312687262,466,0,1,0.2531481481481481,0.000925925925925926,3946.305779078274,999,0,2589018119.2812815,0.08508508508508508,0
0xd8dA6BF26964aF9D7eEd9e03E53415D37aA96045,1000,225.62325778069297,0.22562325778069298,101,387,1,160.50944444444445,1.5827777777777778,6.230162987986168,203,797,1482487800.53,0.029,0
0x28C6c06298d514Db089934071355E5743bf21d60,1000,54597.27080887672,54.597270808876715,182,203,0,0.039768518518518516,0.00032407407407407406,25145.518044237488,203,797,4412579122.3,0.0,0
0x21a31Ee1afC51d94C2eFcCAa2092aD1028285549,1000,6108.08575086,6.10808575086,0,281,0,0.06163194444444445,0.00038194444444444446,16225.352112676055,0,1000,5992634065.138,0.0,0
0xDFd5293D8e347dFe59E90eFd55b2956a1343963d,1000,21645.046456690005,21.645046456690004,1,292,0,0.06528935185185185,0.00042824074074074075,15316.433256514803,1,999,6563862817.181,0.0,0
0x56Eddb7aa87536c09CCc2793473599fD21A8b17F,1000,3206.239093099999,3.206239093099999,0,210,0,0.10172453703703704,0.00047453703703703704,9830.469905563772,0,1000,6114488342.594,0.0,0
