address,label,source,confidence
0xbe0eb53f46cd790cd13851d5eff43d12404d33e8,1,etherscan_phishing,1.0
0x1da5821544e25c636c1417ba96ade4cf6d2f9b5a,1,etherscan_phishing,1.0
0xd882cfc20f52f2599d84b8e8d58c7fb62cfe344b,1,etherscan_phishing,1.0
0x0681d8db095565fe8a346fa0277bffde9c0edbbf,1,etherscan_phishing,1.0
0xc61b9bb3a7a0767e3179713f3a5c7a9aedce193c,1,etherscan_phishing,1.0
0x098b716b8aaf21512996dc57eb0615e2383e2f96,1,etherscan_phishing,1.0
0x1e227979f0b5bc691a70deaed2e0f39a6f538fd5,1,etherscan_phishing,1.0
0xb2930b35844a230f00e51431acae96fe543a0347,1,etherscan_phishing,1.0
0x7ff9cfad3877f21d41da833e2f775db0569ee3d9,1,chainabuse,0.95
0x18709e89bd403f470088abdacebe86cc60dda12e,1,chainabuse,0.95
0x0e09fabb73bd3ade0a17ecc321fd13a19e81ce82,1,rugdoc,1.0
0x8576acc5c05d6ce88f4e49bf65bdf0c62f91353c,1,cryptoscamdb,0.95
