address,label,source,name,confidence
0xdac17f958d2ee523a2206206994597c13d831ec7,0,major_stablecoin,USDT,1.0
0xa0b86991c6218b36c1d19d4a2e9eb0ce3606eb48,0,major_stablecoin,USDC,1.0
0x6b175474e89094c44da98b954eedeac495271d0f,0,major_stablecoin,DAI,1.0
0x4fabb145d64652a948d72533023f6e7a623c7c53,0,major_stablecoin,BUSD,1.0
0x8e870d67f660d95d5be530380d0ec0bd388289e1,0,major_stablecoin,USDP,1.0
0xc02aaa39b223fe8d0a0e5c4f27ead9083c756cc2,0,major_token,WETH,1.0
0x2260fac5e5542a773aa44fbcfedf7c193bc2c599,0,major_token,WBTC,1.0
0x514910771af9ca656af840dff83e8264ecf986ca,0,major_token,LINK,1.0
0x7d1afa7b718fb893db30a3abc0cfc608aacfebb0,0,major_token,MATIC,1.0
0x1f9840a85d5af5bf1d1762f925bdaddc4201f984,0,major_token,UNI,1.0
0x7fc66500c84a76ad7e9c93437bfc5ac33e2ddae9,0,major_token,AAVE,1.0
0xc00e94cb662c3520282e6f5717214004a7f26888,0,major_token,COMP,1.0
0x6b3595068778dd592e39a122f4f5a5cf09c90fe2,0,major_token,SUSHI,1.0
0x7a250d5630b4cf539739df2c5dacb4c659f2488d,0,defi_protocol,Uniswap V2 Router,1.0
0xe592427a0aece92de3edee1f18e0157c05861564,0,defi_protocol,Uniswap V3 Router,1.0
0x881d40237659c251811cec9c364ef91dc08d300c,0,defi_protocol,Metamask Swap,1.0
0x7d2768de32b0b80b7a3454c06bdac94a69ddc7a9,0,defi_protocol,Aave Lending Pool,1.0
0x3d9819210a31b4961b30ef54be2aed79b9c9cd3b,0,defi_protocol,Compound Comptroller,1.0
0xc0a47dfe034b400b47bdad5fecda2621de6c4d95,0,defi_protocol,Uniswap V3 Factory,1.0
0x28c6c06298d514db089934071355e5743bf21d60,0,exchange_wallet,Binance 14,1.0
0x21a31ee1afc51d94c2efccaa2092ad1028285549,0,exchange_wallet,Binance 15,1.0
0x3f5ce5fbfe3e9af3971dd833d26ba9b5c936f0be,0,exchange_wallet,Binance 16,1.0
0xdfd5293d8e347dfe59e90efd55b2956a1343963d,0,exchange_wallet,Binance Cold,1.0
0x56eddb7aa87536c09ccc2793473599fd21a8b17f,0,exchange_wallet,Binance 17,1.0
0x9696f59e4d72e237be84ffd425dcad154bf96976,0,exchange_wallet,Binance 18,1.0
0xd8da6bf26964af9d7eed9e03e53415d37aa96045,0,notable_person,vitalik.eth,1.0
0xab5801a7d398351b8be11c439e05c5b3259aec9b,0,notable_person,Vitalik Buterin,1.0
0x00000000219ab540356cbb839cbe05303d7705fa,0,infrastructure,ETH2 Deposit,1.0
